{"cameraMode":{"drawMode":0,"name":"Shaded","section":"Shading Mode"},"sceneLighting":true,"audioPlay":false,"sceneViewState":{"showFog":false,"showMaterialUpdate":false,"showSkybox":true,"showFlares":false,"showImageEffects":false,"showParticleSystems":false,"showVisualEffectGraphs":true,"m_FxEnabled":true},"in2DMode":false,"pivot":{"x":-0.11052834987640381,"y":0.12287592887878418,"z":-0.31988465785980227},"rotation":{"x":-0.01878267526626587,"y":0.9662724137306213,"z":-0.24601960182189942,"w":-0.07377152144908905},"size":1.207395076751709,"orthographic":false}