{"cameraMode":{"drawMode":0,"name":"Shaded","section":"Shading Mode"},"sceneLighting":true,"audioPlay":false,"sceneViewState":{"showFog":false,"showMaterialUpdate":false,"showSkybox":true,"showFlares":false,"showImageEffects":false,"showParticleSystems":false,"showVisualEffectGraphs":true,"m_FxEnabled":true},"in2DMode":false,"pivot":{"x":-0.16664767265319825,"y":1.0393257141113282,"z":-0.7184717655181885},"rotation":{"x":-0.015741663053631784,"y":0.9841563701629639,"z":-0.11748068779706955,"w":-0.13186904788017274},"size":2.1073949337005617,"orthographic":false}